name	abv	acid	sugar	type	index	instructions	ingredients	ncotw
Pisco Sour	12.1	0.68	7.2	eggwhite	5	"Dry shake, shake with ice, coupe. Add 3 drops of Anostura or Amargo Chuncho."	2 oz pisco (40% abv)<br/>1 oz egg white<br/>3/4 oz lime juice<br/>3/4 oz simple syrup	not yet
Pink Lady	12.4	0.64	9	eggwhite	6	"Dry shake, shake with ice, coupe."	1 1/2 oz Plymouth gin<br/>1 oz egg white<br/>3/4 oz lemon juice<br/>1/2 oz Grenadine<br/>1/2 oz simple syrup<br/>1/2 oz Lairds Applejack Bottled in Bond	not yet
Clover Club	13.6	0.49	6.7	eggwhite	7	"Dry shake, shake with ice, coupe. Garnish with a raspberry"	2 oz Plymouth gin<br/>1 oz egg white<br/>1/2 oz Dolin dry vermouth<br/>1/2 oz raspberry syrup<br/>1/2 oz lemon juice<br/>1 oz egg white	"<a href=""https://www.reddit.com/r/cocktails/comments/1go8m1/not_cocktail_of_the_week_24_clover_club/"">#24</a>"
Whiskey Sour	15.2	0.53	7.1	eggwhite	8	"Dry shake, shake with ice, coupe."	2 oz rye (50% abv)<br/>3/4 oz simple syrup<br/>0.625 oz lemon juice<br/>2 drops saline solution<br/>1 oz egg white	not yet
Daiquiri with More Lime	14.7	0.94	8.7	shaken	9	"Shake, coupe."	2 oz white rum (40% abv)<br/>0.875 oz lime juice<br/>3/4 oz simple syrup	"<a href=""https://www.reddit.com/r/cocktails/comments/1i0sbt/not_cocktail_of_the_week_27_daiquiri/"">#27</a>"
Honeysuckle	15	0.85	8.9	shaken	10	"Shake, coupe. Garnish with lime wheel."	2 oz white rum (40% abv)<br/>3/4 oz lime juice<br/>3/4 oz honey syrup	<a href="https://www.reddit.com/r/cocktails/comments/1kd90i/not_cocktail_of_the_week_32_bees_knees/">#32</a>
Classic Daiquiri	15	0.85	8.9	shaken	11	"Shake, coupe."	2 oz white rum (40% abv)<br/>3/4 oz lime juice<br/>3/4 oz simple syrup	"<a href=""https://www.reddit.com/r/cocktails/comments/1i0sbt/not_cocktail_of_the_week_27_daiquiri/"">#27</a>"
Blood and Sand	15.6	0.19	8	shaken	12	"Shake, coupe. (Optionally flamed) orange twist."	1 oz Scotch (43% abv)<br/>3/4 oz Cherry Herring<br/>3/4 oz sweet vermouth<br> 1/2 oz orange jucie	"<a href=""https://www.reddit.com/r/cocktails/comments/1yds2e/not_cocktail_of_the_week_59_blood_and_sand/"">#59</a>"
Alexander	16.4	0	3.1	shaken	13	"Shake, coupe. Grated nutmeg."	2 oz Cognac (41% abv)<br/>1 oz heavy cream<br/>1/4 oz Demerara syrup	not yet
Hemingway Daiquiri	16.5	0.98	5.1	shaken	14	"Shake, coupe. Garnish with lime wheel."	2 oz white rum (40% abv)<br/>3/4 oz lime juice<br/>1/2 oz grapefruit juice<br/>1/2 oz Luxardo Maraschino<br/>2 drops saline solution	"<a href=""https://www.reddit.com/r/cocktails/comments/1i0sbt/not_cocktail_of_the_week_27_daiquiri/"">#27</a>"
Brown Derby	16.6	0.44	7.6	shaken	15	"Shake, coupe. Express and discard grapefruit twist."	2 oz bourbon (45% abv)<br/>1 oz grapefruit juice<br/>1/2 oz honey syrup	"<a href=""https://www.reddit.com/r/cocktails/comments/2a9ow3/not_cocktail_of_the_week_79_brown_derby/"">#79</a>"
Cosmopolitan (Modern/Bastardized)	16.6	1.05	5.5	shaken	16	"Shake, coupe. Express and discard (optionally flamed) orange twist."	1 1/2 oz Absolut Citron vodka<br/>3/4 oz Cointreau<br/>3/4 oz cranberry juice<br/>1/2 oz lime juice	not yet
Gold Rush	17.2	0.83	8.7	shaken	17	"Shake, server over large rock."	2 oz bourbon (47% abv)<br/>3/4 oz lemon juice<br/>3/4 oz honey syrup	not yet
Southside	17.2	0.83	8.7	shaken	18	"Shake with handful mint, coupe. Garnish with mint."	2 oz gin (47% abv)<br/>3/4 oz lemon juice<br/>3/4 oz simple syrup	"<a href=""https://www.reddit.com/r/cocktails/comments/1jfrqi/not_cocktail_of_the_week_30_southside_and/"">#30</a>"
Bee's Knees	17.2	0.83	8.7	shaken	19	"Shake, coupe. Garnish with lemon wheel."	2 oz gin (47% abv)<br/>3/4 oz lemon juice<br/>3/4 oz honey syrup	"<a href=""https://www.reddit.com/r/cocktails/comments/1kd90i/not_cocktail_of_the_week_32_bees_knees/"">#32</a>"
20th Century Cocktail	17.3	0.85	6.5	shaken	20	"Shake, coupe."	1 1/2 oz gin (47% abv)<br/>3/4 oz lemon juice<br/>3/4 oz white cr¬ème de cacao<br/>3/4 oz Lillet Blanc	"<a href=""https://www.reddit.com/r/cocktails/comments/2377jm/not_cocktail_of_the_week_67_the_20th_century/"">#67</a>"
Fresh Lime Gimlet	17.3	0.82	8.7	shaken	21	"Shake, coupe. Garnish with lime wheel."	2 oz gin (47.4% abv)<br/>3/4 oz lime juice<br/>3/4 oz simple syrup	"<a href=""https://www.reddit.com/r/cocktails/comments/28i1dn/not_cocktail_of_the_week_76_gimlet/"">#76</a>"
Corpse Reviver #2	17.4	1.03	5.7	shaken	22	"Shake, coupe. Express and discard orange twist."	3/4 oz lemon juice<br/>3/4 oz gin (47% abv)<br/>3/4 oz Cointreau<br/>3/4 oz Lillet Blanc	"<a href=""https://www.reddit.com/r/cocktails/comments/1779xr/ncotw_3_corpse_reviver_2/"">#3</a>"
Jack Rose	18.2	0.81	8.5	shaken	23	"Shake, coupe."	2 oz apple brandy (50% abv)<br/>3/4 oz Grenadine<br/>3/4 oz lemon juice<br>1 dash Angostura bitters	"<a href=""https://www.reddit.com/r/cocktails/comments/1bnysd/not_cocktail_of_the_week_13_jack_rose/"">#13</a>"
Margarita	18.5	0.76	6	shaken	24	"Shake, coupe (optionally salted rim)."	2 oz blanco tequila (40% abv)<br/>3/4 oz lime juice<br/>3/4 oz Cointreau<br/>1/4 oz simple syrup<br/>5 drops saline solution	not yet
Aviation	18.7	0.81	5.1	shaken	25	"Shake, coupe."	2 oz Plymouth gin<br/>3/4 oz lemon juice<br/>1/2 oz Luxardo Maraschino<br/>1/4 oz crem de violette	not yet
Sidecar	18.9	0.76	6	shaken	26	"Shake, coupe. Express and discard orange twist."	2 oz Cognac (41% abv)<br/>3/4 oz Cointreau<br/>3/4 oz lemon juice<br/>1/4 oz simple syrup	"<a href=""https://www.reddit.com/r/cocktails/comments/19cmfw/not_cocktail_of_the_week_8_sidecar/"">#8</a>"
Champs-Elysses	19.7	0.8	5.2	shaken	27	"Shake, coupe. Express and discard lemon twist."	2 oz Cognac (41% abv)<br/>3/4 oz lemon juice<br/>1/2 oz Green Chartreuse<br/>1/4 oz simple syrup<br/>1 dash Angostura bitters	"<a href=""https://www.reddit.com/r/cocktails/comments/209moq/not_cocktail_of_the_week_62_champs_%C3%A9lys%C3%A9es/"">#62</a>"
Last Word	20	0.92	9.6	shaken	28	"Shake, coupe."	3/4 oz lime juice<br/>3/4 oz Green Chartreuse<br/>3/4 oz Luxardo Marschino<b4/>3/4 oz Plymouth gin<br/>2 drop saline	"<a href=""https://www.reddit.com/r/cocktails/comments/14c11h/cocktail_of_the_week_1_last_word/"">COTW #1</a>"
Between the Sheets	20.1	0.58	4.5	shaken	29	"Shake, coupe. Express and discard lemon twist."	1 1/2 oz Cognac (41% abv)<br/>3/4 oz Curacao<br/>1/2 oz white rum (40% abv)<br/>1/2 oz lemon juice	"<a href=""https://www.reddit.com/r/cocktails/comments/1xqbox/not_cocktail_of_the_week_58_between_the_sheets/"">#58</a>"
Brady Crusta	20.2	0.58	7.6	shaken	30	"Shake, coupe (sugar-rimmed). Large lemon spiral."	2 oz Cognac (41% abv)<br/>1/2 oz Curacao<br/>1/2 oz lemon juice<br/>1/4 oz Luxardo Maraschino	not yet
Pegu Club	21	0.78	4.2	shaken	31	"Shake, coupe. Garnish with lime wheel."	2 oz gin (47.3% abv)<br/>3/4 oz lime juice<br/>3/4 oz Curacao<br/>1 dash orange bitters<br/>1 dash Angostura bitters	"<a href=""https://www.reddit.com/r/cocktails/comments/1c3psn/not_cocktail_of_the_week_14_pegu_club/"">#14<a>"
Blinker	21.4	0.39	4.1	shaken	32	"Shake, coupe."	2 oz rye (50% abv)<br/>3/4 oz grapefruit juice<br/>1 bsp raspberry syrup	not yet
Negroni	20.7	0.14	9.4	stirred	33	Stir. Coupe or over a large rock. Orange or grapefruit twist.	1 oz sweet vermouth<br/>1 oz gin (47.3% abv)<br/>1 oz Campari	"<a href=""https://www.reddit.com/r/cocktails/comments/1aoe1c/not_cocktail_of_the_week_11_negroni/"">#11</a>"
Blackthorn	21.1	0.1	6.3	stirred	34	"Stir, coupe. Orange twist."	1 1/2 oz Plymouth gin<br/>3/4 oz sweet vermouth<br/>3/4 oz sloe gin<br/>2 dashes orange bitters	not yet
Hanky Panky	22.4	0.2	5.6	stirred	35	"Stir, coupe. Orange twist."	1 1/2 oz sweet vermouth<br/>1 1/2 oz gin (47% abv)<br/>1 bsp Fernet Branca	"<a href=""https://www.reddit.com/r/cocktails/comments/5c2njb/not_cocktail_of_the_week_123_hanky_panky/"">#123</a>"
Martinez	22.5	0.13	6.6	stirred	36	"Stir, coupe. Lemon twist."	2 oz Old Tom gin (40% abv)<br/>1 oz sweet vermouth<br/>1/4 oz Luxardo Maraschino<br/>1 dash Angostura bitters<br/>1 dash orange bitters	"<a href=""https://www.reddit.com/r/cocktails/comments/1ck6v2/not_cocktail_of_the_week_15_martinez/"">#15</a>"
"Manhatan (Boubon, 45% abv)"	24.6	0.14	3.7	stirred	37	"Stir, coupe. Orange twist or cherry."	2 oz bourbon (45% abv)<br/>1 oz sweet vermouth<br/>2 dashes Angostura bitters	"<a href=""https://www.reddit.com/r/cocktails/comments/16pciv/not_cocktail_of_the_week_2_the_manhattan/"">#2</a>"
Bobby Burns	24.9	0.1	4.2	stirred	38	"Stir, coupe. Lemon twist."	2 oz Scotch (43% abv)<br/>3/4 oz sweet vermouth<br/>1/4 oz Benedictine	"<a href=""https://www.reddit.com/r/cocktails/comments/169jv7/cocktail_of_the_week_3_bobby_burns/"">#1</a>"
Rob Roy	25.5	0.09	2.5	stirred	39	"Stir, coupe. Lemon twist."	2.5 oz Scotch (43% abv)<br/>3/4 oz sweet vermouth<br/>2 dashes Angostura bitters	"<a href=""https://www.reddit.com/r/cocktails/comments/2owdug/not_cocktail_of_the_week_101_rob_roy/"">#101</a>"
Old Pal	25.6	0.09	4	stirred	40	"Stir, coupe."	2 oz rye (50% abv)<br/>3/4 oz Campari<br/>3/4 oz dry vermouth	"<a href=""https://www.reddit.com/r/cocktails/comments/2sfsns/not_cocktail_of_the_week_105_old_pal/"">#105</a>"
Vieux Carre	25.9	0.1	4.1	stirred	41	"Stir, serve over large rock."	1 oz rye (50% abv)<br/>1 oz Cognac (41% abv)<br/>3/4 oz sweet vermouth<br/>1/4 oz Benedictine<br/>1 dash Angostura bitters<br/>1 dash Peychaud's bitters	"<a href=""https://www.reddit.com/r/cocktails/comments/1a8cs5/not_cocktail_of_the_week_10_vieux_carr%C3%A9/"">#10</a>"
Brooklyn	26.3	0.06	4.2	stirred	42	"Stir, coupe. Garnish with cherry."	2 oz rye (50% abv)<br/>1/2 oz Amer Picon<br/>1/2 oz dry vermouth<br/>1/4 oz Luxardo Maraschino<br/>1 dash Angostura bitters	"<a href=""https://www.reddit.com/r/cocktails/comments/2ni3ba/not_cocktail_of_the_week_99_the_brooklyn/"">#99</a>"
Bijou	27.1	0.14	9.3	stirred	43	"Stir, coupe. Lemon twist or cherry."	1 oz gin (47.3% abv)<br/>1 oz sweet vermouth<br/>1 oz Green Chartreuse<br/>1 dash orange bitters	"<a href=""https://www.reddit.com/r/cocktails/comments/2ypbjw/not_cocktail_of_the_week_109_bijou/"">#109</a>"
"Manhatan (Rye, 50% abv)"	27.2	0.12	3.4	stirred	44	"Stir, coupe. Orange twist or cherry."	2 oz rye (50% abv)<br/>0.875 oz sweet vermouth<br/>2 dashes Angostura bitters	"<a href=""https://www.reddit.com/r/cocktails/comments/16pciv/not_cocktail_of_the_week_2_the_manhattan/"">#2</a>"
Rusty Nail	28.8	0	4.1	stirred	45	"Stir, serve over large rock. Lemon peel."	2 oz Scotch (43% abv)<br/>1/2 oz Drambuie	not yet
Improved Whiskey Cocktail	29.3	0	6.5	stirred	46	"Stir, sever over large rock in absinthe-rinsed glass. Lemon twist."	2 oz rye (50% abv)<br/>1/4 oz Luxardo Maraschino<br/>1/4 oz simple syrup<br/>2 dashes Angostura bitters	"<a href=""https://www.reddit.com/r/cocktails/comments/1hkxy5/not_cocktail_of_the_week_26_improved_whiskey/"">#26</a>"
De La Louisiane	29.3	0.06	4.5	stirred	47	"Stir, coupe. Garnish with cherry."	2 oz rye (50% abv)<br/>1/2 oz Benedictine<br/>1/2 oz sweet vermouth<br/>3 dashes Peychaud's bitters<br/>3 dashes Angostura bitters<br/>3 dashes absinthe	"<a href=""https://www.reddit.com/r/cocktails/comments/2tzik7/not_cocktail_of_the_week_106_cocktail_a_la/"">#106</a>"
Widow's Kiss	32.3	0	3.7	stirred	48	"Stir, coupe."	2 oz apple brandy (50% abv)<br/>1/4 oz Benedictine<br/>1/4 oz Yellow Chartreuse	"<a href=""https://www.reddit.com/r/cocktails/comments/1toslc/not_cocktail_of_the_week_51_widows_kiss/"">#51</a>"
Old Fashioned	32.1	0	7.6	built	49	Build over large rock in old-fashioned glass. Orange twist.	2 oz bourbon<br/>3/8 oz simple syrup<br/>2 dashes Angostura bitters	"<a href=""https://www.reddit.com/r/cocktails/comments/1u7nb3/not_cocktail_of_the_week_52_oldfashioned/"">#52</a>"
Blender Daiquiri	15	0.57	8.1	blended	50	"Blend with 120 g ice, strain, coupe."	2 1/2 oz water<br/>2 1/4 oz sugard 80-proof rum<br/>1/2 oz lime juice<br/>4 drops saline solution	not yet
Blender Margarita	17.2	0.57	7.9	blended	51	"Blend with 120 g ice, strain, coupe."	2 1/2 oz water<br/>1 oz Cointreau<br/>3/4 oz white mezcal<br/>1/2 oz Yellow Chartreuse<br/>1/2 oz lime juice<br/>10 drops Hellfire bitters	not yet
Blender Whiskey Sour	16.7	0.61	7.8	blended	52	"Blend with 120 g ice, strain, coupe."	2 1/2 oz water<br/>2 oz sugared 100-proof rye<br/>1/2 oz lemon juice<br/>1/4 oz orange juice<br/>4 drops saline solution	not yet
Carbonated Margarita	14.2	0.44	7.1	carbonated	53	"Chill, carbonate."	2 1/2 oz water<br/>2 oz blanco tequila (40% abv)<br/>5/8 oz simple syrip<br/>3/8 oz clarified lime juice<br/>4 drops saline solution	not yet
Carbonated Whiskey Sour	15.2	0.44	7.2	carbonated	54	"Chill, carbonate."	5/8 oz water<br/>1 3/4 oz bourbon<br/>5/8 oz simple syrup<br/>3/8 oz clarified lime juice<br/>2 drops saline solution	not yet
Gin and Tonic (Dry)	15.4	0.41	4.9	carbonated	55	"Chill, carbonate."	7/8 oz water<br/>1 3/4 oz gin (47.3% abv)<br/>3/8 oz quinine simple syrup<br/>3/8 oz clarified lime juice<br/>2 drops saline solution	not yet
Carbonated Negroni	16	0.38	7.3	carbonated	56	"Chill, carbonate. Express and discard grapefruit twist."	2 1/4 oz water<br/>1 oz sweet vermouth<br/>1 oz gin  (47.3% abv)<br/>1 oz Campari<br/>1/4 oz clarified lime juice or champagne acid<br/>2 drops saline solution	not yet
Gin and Juice Centrifuge	15.8	0.91	7.2	carbonated	57	"Chill, carbonate."	1 6/8 oz centrifuge-clarified grapefruit juice<br/>1 6/8 oz gin<br/>1 3/8 oz water<br/>3/8 oz simple<br/>4 dashes champagne acid	not yet
Gin and Juice Agar	16.9	1.15	5	carbonated	58	"Chill, carbonate."	2 5/8 oz agar-clarified grapefruit juice<br/>2 oz gin<br/>7/8 oz water<br/>2 drops saline solution	not yet
Chartruth	18	0.51	8.3	carbonated	59	"Chill, carbonate."	3 1/4 oz water<br/>1 3/4 oz Green Chartreuse<br/>1/2 oz clarified lime juice	not yet
